,888202515573088257,877611172832227328,873697596434513921,872668790621863937,872261713294495745,869988702071779329,866816280283807744,861769973181624320,856602993587888130,856330835276025856,851953902622658560,851861385021730816,845459076796616705,844704788403113984,842892208864923648,837366284874571778,837012587749474308,829374341691346946,827228250799742977,812747805718642688,802247111496568832,779123168116150273,775096608509886464,771004394259247104,770743923962707968,766864461642756096,759923798737051648,759566828574212096,754011816964026368,680055455951884288
0,"404 Not Found
144 - No status found with that ID.","403 Forbidden
179 - Sorry, you are not authorized to see this status.","404 Not Found
144 - No status found with that ID.","404 Not Found
144 - No status found with that ID.","404 Not Found
144 - No status found with that ID.","404 Not Found
144 - No status found with that ID.","404 Not Found
144 - No status found with that ID.","404 Not Found
144 - No status found with that ID.","404 Not Found
144 - No status found with that ID.","404 Not Found
144 - No status found with that ID.","404 Not Found
144 - No status found with that ID.","404 Not Found
144 - No status found with that ID.","404 Not Found
144 - No status found with that ID.","404 Not Found
144 - No status found with that ID.","404 Not Found
144 - No status found with that ID.","404 Not Found
144 - No status found with that ID.","404 Not Found
144 - No status found with that ID.","404 Not Found
144 - No status found with that ID.","404 Not Found
144 - No status found with that ID.","404 Not Found
144 - No status found with that ID.","404 Not Found
144 - No status found with that ID.","404 Not Found
144 - No status found with that ID.","404 Not Found
144 - No status found with that ID.","403 Forbidden
179 - Sorry, you are not authorized to see this status.","404 Not Found
144 - No status found with that ID.","404 Not Found
144 - No status found with that ID.","404 Not Found
144 - No status found with that ID.","404 Not Found
144 - No status found with that ID.","404 Not Found
144 - No status found with that ID.","404 Not Found
144 - No status found with that ID."
1,"404 Not Found
144 - No status found with that ID.","403 Forbidden
179 - Sorry, you are not authorized to see this status.","404 Not Found
144 - No status found with that ID.","404 Not Found
144 - No status found with that ID.","404 Not Found
144 - No status found with that ID.","404 Not Found
144 - No status found with that ID.","404 Not Found
144 - No status found with that ID.","404 Not Found
144 - No status found with that ID.","404 Not Found
144 - No status found with that ID.","404 Not Found
144 - No status found with that ID.","404 Not Found
144 - No status found with that ID.","404 Not Found
144 - No status found with that ID.","404 Not Found
144 - No status found with that ID.","404 Not Found
144 - No status found with that ID.","404 Not Found
144 - No status found with that ID.","404 Not Found
144 - No status found with that ID.","404 Not Found
144 - No status found with that ID.","404 Not Found
144 - No status found with that ID.","404 Not Found
144 - No status found with that ID.","404 Not Found
144 - No status found with that ID.","404 Not Found
144 - No status found with that ID.","404 Not Found
144 - No status found with that ID.","404 Not Found
144 - No status found with that ID.","403 Forbidden
179 - Sorry, you are not authorized to see this status.","404 Not Found
144 - No status found with that ID.","404 Not Found
144 - No status found with that ID.","404 Not Found
144 - No status found with that ID.","404 Not Found
144 - No status found with that ID.","404 Not Found
144 - No status found with that ID.","404 Not Found
144 - No status found with that ID."
2,"404 Not Found
144 - No status found with that ID.","403 Forbidden
179 - Sorry, you are not authorized to see this status.","404 Not Found
144 - No status found with that ID.","404 Not Found
144 - No status found with that ID.","404 Not Found
144 - No status found with that ID.","404 Not Found
144 - No status found with that ID.","404 Not Found
144 - No status found with that ID.","404 Not Found
144 - No status found with that ID.","404 Not Found
144 - No status found with that ID.","404 Not Found
144 - No status found with that ID.","404 Not Found
144 - No status found with that ID.","404 Not Found
144 - No status found with that ID.","404 Not Found
144 - No status found with that ID.","404 Not Found
144 - No status found with that ID.","404 Not Found
144 - No status found with that ID.","404 Not Found
144 - No status found with that ID.","404 Not Found
144 - No status found with that ID.","404 Not Found
144 - No status found with that ID.","404 Not Found
144 - No status found with that ID.","404 Not Found
144 - No status found with that ID.","404 Not Found
144 - No status found with that ID.","404 Not Found
144 - No status found with that ID.","404 Not Found
144 - No status found with that ID.","403 Forbidden
179 - Sorry, you are not authorized to see this status.","404 Not Found
144 - No status found with that ID.","404 Not Found
144 - No status found with that ID.","404 Not Found
144 - No status found with that ID.","404 Not Found
144 - No status found with that ID.","404 Not Found
144 - No status found with that ID.","404 Not Found
144 - No status found with that ID."
3,"404 Not Found
144 - No status found with that ID.","403 Forbidden
179 - Sorry, you are not authorized to see this status.","404 Not Found
144 - No status found with that ID.","404 Not Found
144 - No status found with that ID.","404 Not Found
144 - No status found with that ID.","404 Not Found
144 - No status found with that ID.","404 Not Found
144 - No status found with that ID.","404 Not Found
144 - No status found with that ID.","404 Not Found
144 - No status found with that ID.","404 Not Found
144 - No status found with that ID.","404 Not Found
144 - No status found with that ID.","404 Not Found
144 - No status found with that ID.","404 Not Found
144 - No status found with that ID.","404 Not Found
144 - No status found with that ID.","404 Not Found
144 - No status found with that ID.","404 Not Found
144 - No status found with that ID.","404 Not Found
144 - No status found with that ID.","404 Not Found
144 - No status found with that ID.","404 Not Found
144 - No status found with that ID.","404 Not Found
144 - No status found with that ID.","404 Not Found
144 - No status found with that ID.","404 Not Found
144 - No status found with that ID.","404 Not Found
144 - No status found with that ID.","403 Forbidden
179 - Sorry, you are not authorized to see this status.","404 Not Found
144 - No status found with that ID.","404 Not Found
144 - No status found with that ID.","404 Not Found
144 - No status found with that ID.","404 Not Found
144 - No status found with that ID.","404 Not Found
144 - No status found with that ID.","404 Not Found
144 - No status found with that ID."
4,"404 Not Found
144 - No status found with that ID.","403 Forbidden
179 - Sorry, you are not authorized to see this status.","404 Not Found
144 - No status found with that ID.","404 Not Found
144 - No status found with that ID.","404 Not Found
144 - No status found with that ID.","404 Not Found
144 - No status found with that ID.","404 Not Found
144 - No status found with that ID.","404 Not Found
144 - No status found with that ID.","404 Not Found
144 - No status found with that ID.","404 Not Found
144 - No status found with that ID.","404 Not Found
144 - No status found with that ID.","404 Not Found
144 - No status found with that ID.","404 Not Found
144 - No status found with that ID.","404 Not Found
144 - No status found with that ID.","404 Not Found
144 - No status found with that ID.","404 Not Found
144 - No status found with that ID.","404 Not Found
144 - No status found with that ID.","404 Not Found
144 - No status found with that ID.","404 Not Found
144 - No status found with that ID.","404 Not Found
144 - No status found with that ID.","404 Not Found
144 - No status found with that ID.","404 Not Found
144 - No status found with that ID.","404 Not Found
144 - No status found with that ID.","403 Forbidden
179 - Sorry, you are not authorized to see this status.","404 Not Found
144 - No status found with that ID.","404 Not Found
144 - No status found with that ID.","404 Not Found
144 - No status found with that ID.","404 Not Found
144 - No status found with that ID.","404 Not Found
144 - No status found with that ID.","404 Not Found
144 - No status found with that ID."
5,"404 Not Found
144 - No status found with that ID.","403 Forbidden
179 - Sorry, you are not authorized to see this status.","404 Not Found
144 - No status found with that ID.","404 Not Found
144 - No status found with that ID.","404 Not Found
144 - No status found with that ID.","404 Not Found
144 - No status found with that ID.","404 Not Found
144 - No status found with that ID.","404 Not Found
144 - No status found with that ID.","404 Not Found
144 - No status found with that ID.","404 Not Found
144 - No status found with that ID.","404 Not Found
144 - No status found with that ID.","404 Not Found
144 - No status found with that ID.","404 Not Found
144 - No status found with that ID.","404 Not Found
144 - No status found with that ID.","404 Not Found
144 - No status found with that ID.","404 Not Found
144 - No status found with that ID.","404 Not Found
144 - No status found with that ID.","404 Not Found
144 - No status found with that ID.","404 Not Found
144 - No status found with that ID.","404 Not Found
144 - No status found with that ID.","404 Not Found
144 - No status found with that ID.","404 Not Found
144 - No status found with that ID.","404 Not Found
144 - No status found with that ID.","403 Forbidden
179 - Sorry, you are not authorized to see this status.","404 Not Found
144 - No status found with that ID.","404 Not Found
144 - No status found with that ID.","404 Not Found
144 - No status found with that ID.","404 Not Found
144 - No status found with that ID.","404 Not Found
144 - No status found with that ID.","404 Not Found
144 - No status found with that ID."
6,"404 Not Found
144 - No status found with that ID.","403 Forbidden
179 - Sorry, you are not authorized to see this status.","404 Not Found
144 - No status found with that ID.","404 Not Found
144 - No status found with that ID.","404 Not Found
144 - No status found with that ID.","404 Not Found
144 - No status found with that ID.","404 Not Found
144 - No status found with that ID.","404 Not Found
144 - No status found with that ID.","404 Not Found
144 - No status found with that ID.","404 Not Found
144 - No status found with that ID.","404 Not Found
144 - No status found with that ID.","404 Not Found
144 - No status found with that ID.","404 Not Found
144 - No status found with that ID.","404 Not Found
144 - No status found with that ID.","404 Not Found
144 - No status found with that ID.","404 Not Found
144 - No status found with that ID.","404 Not Found
144 - No status found with that ID.","404 Not Found
144 - No status found with that ID.","404 Not Found
144 - No status found with that ID.","404 Not Found
144 - No status found with that ID.","404 Not Found
144 - No status found with that ID.","404 Not Found
144 - No status found with that ID.","404 Not Found
144 - No status found with that ID.","403 Forbidden
179 - Sorry, you are not authorized to see this status.","404 Not Found
144 - No status found with that ID.","404 Not Found
144 - No status found with that ID.","404 Not Found
144 - No status found with that ID.","404 Not Found
144 - No status found with that ID.","404 Not Found
144 - No status found with that ID.","404 Not Found
144 - No status found with that ID."
7,"404 Not Found
144 - No status found with that ID.","403 Forbidden
179 - Sorry, you are not authorized to see this status.","404 Not Found
144 - No status found with that ID.","404 Not Found
144 - No status found with that ID.","404 Not Found
144 - No status found with that ID.","404 Not Found
144 - No status found with that ID.","404 Not Found
144 - No status found with that ID.","404 Not Found
144 - No status found with that ID.","404 Not Found
144 - No status found with that ID.","404 Not Found
144 - No status found with that ID.","404 Not Found
144 - No status found with that ID.","404 Not Found
144 - No status found with that ID.","404 Not Found
144 - No status found with that ID.","404 Not Found
144 - No status found with that ID.","404 Not Found
144 - No status found with that ID.","404 Not Found
144 - No status found with that ID.","404 Not Found
144 - No status found with that ID.","404 Not Found
144 - No status found with that ID.","404 Not Found
144 - No status found with that ID.","404 Not Found
144 - No status found with that ID.","404 Not Found
144 - No status found with that ID.","404 Not Found
144 - No status found with that ID.","404 Not Found
144 - No status found with that ID.","403 Forbidden
179 - Sorry, you are not authorized to see this status.","404 Not Found
144 - No status found with that ID.","404 Not Found
144 - No status found with that ID.","404 Not Found
144 - No status found with that ID.","404 Not Found
144 - No status found with that ID.","404 Not Found
144 - No status found with that ID.","404 Not Found
144 - No status found with that ID."
8,"404 Not Found
144 - No status found with that ID.","403 Forbidden
179 - Sorry, you are not authorized to see this status.","404 Not Found
144 - No status found with that ID.","404 Not Found
144 - No status found with that ID.","404 Not Found
144 - No status found with that ID.","404 Not Found
144 - No status found with that ID.","404 Not Found
144 - No status found with that ID.","404 Not Found
144 - No status found with that ID.","404 Not Found
144 - No status found with that ID.","404 Not Found
144 - No status found with that ID.","404 Not Found
144 - No status found with that ID.","404 Not Found
144 - No status found with that ID.","404 Not Found
144 - No status found with that ID.","404 Not Found
144 - No status found with that ID.","404 Not Found
144 - No status found with that ID.","404 Not Found
144 - No status found with that ID.","404 Not Found
144 - No status found with that ID.","404 Not Found
144 - No status found with that ID.","404 Not Found
144 - No status found with that ID.","404 Not Found
144 - No status found with that ID.","404 Not Found
144 - No status found with that ID.","404 Not Found
144 - No status found with that ID.","404 Not Found
144 - No status found with that ID.","403 Forbidden
179 - Sorry, you are not authorized to see this status.","404 Not Found
144 - No status found with that ID.","404 Not Found
144 - No status found with that ID.","404 Not Found
144 - No status found with that ID.","404 Not Found
144 - No status found with that ID.","404 Not Found
144 - No status found with that ID.","404 Not Found
144 - No status found with that ID."
9,"404 Not Found
144 - No status found with that ID.","403 Forbidden
179 - Sorry, you are not authorized to see this status.","404 Not Found
144 - No status found with that ID.","404 Not Found
144 - No status found with that ID.","404 Not Found
144 - No status found with that ID.","404 Not Found
144 - No status found with that ID.","404 Not Found
144 - No status found with that ID.","404 Not Found
144 - No status found with that ID.","404 Not Found
144 - No status found with that ID.","404 Not Found
144 - No status found with that ID.","404 Not Found
144 - No status found with that ID.","404 Not Found
144 - No status found with that ID.","404 Not Found
144 - No status found with that ID.","404 Not Found
144 - No status found with that ID.","404 Not Found
144 - No status found with that ID.","404 Not Found
144 - No status found with that ID.","404 Not Found
144 - No status found with that ID.","404 Not Found
144 - No status found with that ID.","404 Not Found
144 - No status found with that ID.","404 Not Found
144 - No status found with that ID.","404 Not Found
144 - No status found with that ID.","404 Not Found
144 - No status found with that ID.","404 Not Found
144 - No status found with that ID.","403 Forbidden
179 - Sorry, you are not authorized to see this status.","404 Not Found
144 - No status found with that ID.","404 Not Found
144 - No status found with that ID.","404 Not Found
144 - No status found with that ID.","404 Not Found
144 - No status found with that ID.","404 Not Found
144 - No status found with that ID.","404 Not Found
144 - No status found with that ID."
10,"404 Not Found
144 - No status found with that ID.","403 Forbidden
179 - Sorry, you are not authorized to see this status.","404 Not Found
144 - No status found with that ID.","404 Not Found
144 - No status found with that ID.","404 Not Found
144 - No status found with that ID.","404 Not Found
144 - No status found with that ID.","404 Not Found
144 - No status found with that ID.","404 Not Found
144 - No status found with that ID.","404 Not Found
144 - No status found with that ID.","404 Not Found
144 - No status found with that ID.","404 Not Found
144 - No status found with that ID.","404 Not Found
144 - No status found with that ID.","404 Not Found
144 - No status found with that ID.","404 Not Found
144 - No status found with that ID.","404 Not Found
144 - No status found with that ID.","404 Not Found
144 - No status found with that ID.","404 Not Found
144 - No status found with that ID.","404 Not Found
144 - No status found with that ID.","404 Not Found
144 - No status found with that ID.","404 Not Found
144 - No status found with that ID.","404 Not Found
144 - No status found with that ID.","404 Not Found
144 - No status found with that ID.","404 Not Found
144 - No status found with that ID.","403 Forbidden
179 - Sorry, you are not authorized to see this status.","404 Not Found
144 - No status found with that ID.","404 Not Found
144 - No status found with that ID.","404 Not Found
144 - No status found with that ID.","404 Not Found
144 - No status found with that ID.","404 Not Found
144 - No status found with that ID.","404 Not Found
144 - No status found with that ID."
11,"404 Not Found
144 - No status found with that ID.","403 Forbidden
179 - Sorry, you are not authorized to see this status.","404 Not Found
144 - No status found with that ID.","404 Not Found
144 - No status found with that ID.","404 Not Found
144 - No status found with that ID.","404 Not Found
144 - No status found with that ID.","404 Not Found
144 - No status found with that ID.","404 Not Found
144 - No status found with that ID.","404 Not Found
144 - No status found with that ID.","404 Not Found
144 - No status found with that ID.","404 Not Found
144 - No status found with that ID.","404 Not Found
144 - No status found with that ID.","404 Not Found
144 - No status found with that ID.","404 Not Found
144 - No status found with that ID.","404 Not Found
144 - No status found with that ID.","404 Not Found
144 - No status found with that ID.","404 Not Found
144 - No status found with that ID.","404 Not Found
144 - No status found with that ID.","404 Not Found
144 - No status found with that ID.","404 Not Found
144 - No status found with that ID.","404 Not Found
144 - No status found with that ID.","404 Not Found
144 - No status found with that ID.","404 Not Found
144 - No status found with that ID.","403 Forbidden
179 - Sorry, you are not authorized to see this status.","404 Not Found
144 - No status found with that ID.","404 Not Found
144 - No status found with that ID.","404 Not Found
144 - No status found with that ID.","404 Not Found
144 - No status found with that ID.","404 Not Found
144 - No status found with that ID.","404 Not Found
144 - No status found with that ID."
12,"404 Not Found
144 - No status found with that ID.","403 Forbidden
179 - Sorry, you are not authorized to see this status.","404 Not Found
144 - No status found with that ID.","404 Not Found
144 - No status found with that ID.","404 Not Found
144 - No status found with that ID.","404 Not Found
144 - No status found with that ID.","404 Not Found
144 - No status found with that ID.","404 Not Found
144 - No status found with that ID.","404 Not Found
144 - No status found with that ID.","404 Not Found
144 - No status found with that ID.","404 Not Found
144 - No status found with that ID.","404 Not Found
144 - No status found with that ID.","404 Not Found
144 - No status found with that ID.","404 Not Found
144 - No status found with that ID.","404 Not Found
144 - No status found with that ID.","404 Not Found
144 - No status found with that ID.","404 Not Found
144 - No status found with that ID.","404 Not Found
144 - No status found with that ID.","404 Not Found
144 - No status found with that ID.","404 Not Found
144 - No status found with that ID.","404 Not Found
144 - No status found with that ID.","404 Not Found
144 - No status found with that ID.","404 Not Found
144 - No status found with that ID.","403 Forbidden
179 - Sorry, you are not authorized to see this status.","404 Not Found
144 - No status found with that ID.","404 Not Found
144 - No status found with that ID.","404 Not Found
144 - No status found with that ID.","404 Not Found
144 - No status found with that ID.","404 Not Found
144 - No status found with that ID.","404 Not Found
144 - No status found with that ID."
13,"404 Not Found
144 - No status found with that ID.","403 Forbidden
179 - Sorry, you are not authorized to see this status.","404 Not Found
144 - No status found with that ID.","404 Not Found
144 - No status found with that ID.","404 Not Found
144 - No status found with that ID.","404 Not Found
144 - No status found with that ID.","404 Not Found
144 - No status found with that ID.","404 Not Found
144 - No status found with that ID.","404 Not Found
144 - No status found with that ID.","404 Not Found
144 - No status found with that ID.","404 Not Found
144 - No status found with that ID.","404 Not Found
144 - No status found with that ID.","404 Not Found
144 - No status found with that ID.","404 Not Found
144 - No status found with that ID.","404 Not Found
144 - No status found with that ID.","404 Not Found
144 - No status found with that ID.","404 Not Found
144 - No status found with that ID.","404 Not Found
144 - No status found with that ID.","404 Not Found
144 - No status found with that ID.","404 Not Found
144 - No status found with that ID.","404 Not Found
144 - No status found with that ID.","404 Not Found
144 - No status found with that ID.","404 Not Found
144 - No status found with that ID.","403 Forbidden
179 - Sorry, you are not authorized to see this status.","404 Not Found
144 - No status found with that ID.","404 Not Found
144 - No status found with that ID.","404 Not Found
144 - No status found with that ID.","404 Not Found
144 - No status found with that ID.","404 Not Found
144 - No status found with that ID.","404 Not Found
144 - No status found with that ID."
14,"404 Not Found
144 - No status found with that ID.","403 Forbidden
179 - Sorry, you are not authorized to see this status.","404 Not Found
144 - No status found with that ID.","404 Not Found
144 - No status found with that ID.","404 Not Found
144 - No status found with that ID.","404 Not Found
144 - No status found with that ID.","404 Not Found
144 - No status found with that ID.","404 Not Found
144 - No status found with that ID.","404 Not Found
144 - No status found with that ID.","404 Not Found
144 - No status found with that ID.","404 Not Found
144 - No status found with that ID.","404 Not Found
144 - No status found with that ID.","404 Not Found
144 - No status found with that ID.","404 Not Found
144 - No status found with that ID.","404 Not Found
144 - No status found with that ID.","404 Not Found
144 - No status found with that ID.","404 Not Found
144 - No status found with that ID.","404 Not Found
144 - No status found with that ID.","404 Not Found
144 - No status found with that ID.","404 Not Found
144 - No status found with that ID.","404 Not Found
144 - No status found with that ID.","404 Not Found
144 - No status found with that ID.","404 Not Found
144 - No status found with that ID.","403 Forbidden
179 - Sorry, you are not authorized to see this status.","404 Not Found
144 - No status found with that ID.","404 Not Found
144 - No status found with that ID.","404 Not Found
144 - No status found with that ID.","404 Not Found
144 - No status found with that ID.","404 Not Found
144 - No status found with that ID.","404 Not Found
144 - No status found with that ID."
15,"404 Not Found
144 - No status found with that ID.","403 Forbidden
179 - Sorry, you are not authorized to see this status.","404 Not Found
144 - No status found with that ID.","404 Not Found
144 - No status found with that ID.","404 Not Found
144 - No status found with that ID.","404 Not Found
144 - No status found with that ID.","404 Not Found
144 - No status found with that ID.","404 Not Found
144 - No status found with that ID.","404 Not Found
144 - No status found with that ID.","404 Not Found
144 - No status found with that ID.","404 Not Found
144 - No status found with that ID.","404 Not Found
144 - No status found with that ID.","404 Not Found
144 - No status found with that ID.","404 Not Found
144 - No status found with that ID.","404 Not Found
144 - No status found with that ID.","404 Not Found
144 - No status found with that ID.","404 Not Found
144 - No status found with that ID.","404 Not Found
144 - No status found with that ID.","404 Not Found
144 - No status found with that ID.","404 Not Found
144 - No status found with that ID.","404 Not Found
144 - No status found with that ID.","404 Not Found
144 - No status found with that ID.","404 Not Found
144 - No status found with that ID.","403 Forbidden
179 - Sorry, you are not authorized to see this status.","404 Not Found
144 - No status found with that ID.","404 Not Found
144 - No status found with that ID.","404 Not Found
144 - No status found with that ID.","404 Not Found
144 - No status found with that ID.","404 Not Found
144 - No status found with that ID.","404 Not Found
144 - No status found with that ID."
16,"404 Not Found
144 - No status found with that ID.","403 Forbidden
179 - Sorry, you are not authorized to see this status.","404 Not Found
144 - No status found with that ID.","404 Not Found
144 - No status found with that ID.","404 Not Found
144 - No status found with that ID.","404 Not Found
144 - No status found with that ID.","404 Not Found
144 - No status found with that ID.","404 Not Found
144 - No status found with that ID.","404 Not Found
144 - No status found with that ID.","404 Not Found
144 - No status found with that ID.","404 Not Found
144 - No status found with that ID.","404 Not Found
144 - No status found with that ID.","404 Not Found
144 - No status found with that ID.","404 Not Found
144 - No status found with that ID.","404 Not Found
144 - No status found with that ID.","404 Not Found
144 - No status found with that ID.","404 Not Found
144 - No status found with that ID.","404 Not Found
144 - No status found with that ID.","404 Not Found
144 - No status found with that ID.","404 Not Found
144 - No status found with that ID.","404 Not Found
144 - No status found with that ID.","404 Not Found
144 - No status found with that ID.","404 Not Found
144 - No status found with that ID.","403 Forbidden
179 - Sorry, you are not authorized to see this status.","404 Not Found
144 - No status found with that ID.","404 Not Found
144 - No status found with that ID.","404 Not Found
144 - No status found with that ID.","404 Not Found
144 - No status found with that ID.","404 Not Found
144 - No status found with that ID.","404 Not Found
144 - No status found with that ID."
17,"404 Not Found
144 - No status found with that ID.","403 Forbidden
179 - Sorry, you are not authorized to see this status.","404 Not Found
144 - No status found with that ID.","404 Not Found
144 - No status found with that ID.","404 Not Found
144 - No status found with that ID.","404 Not Found
144 - No status found with that ID.","404 Not Found
144 - No status found with that ID.","404 Not Found
144 - No status found with that ID.","404 Not Found
144 - No status found with that ID.","404 Not Found
144 - No status found with that ID.","404 Not Found
144 - No status found with that ID.","404 Not Found
144 - No status found with that ID.","404 Not Found
144 - No status found with that ID.","404 Not Found
144 - No status found with that ID.","404 Not Found
144 - No status found with that ID.","404 Not Found
144 - No status found with that ID.","404 Not Found
144 - No status found with that ID.","404 Not Found
144 - No status found with that ID.","404 Not Found
144 - No status found with that ID.","404 Not Found
144 - No status found with that ID.","404 Not Found
144 - No status found with that ID.","404 Not Found
144 - No status found with that ID.","404 Not Found
144 - No status found with that ID.","403 Forbidden
179 - Sorry, you are not authorized to see this status.","404 Not Found
144 - No status found with that ID.","404 Not Found
144 - No status found with that ID.","404 Not Found
144 - No status found with that ID.","404 Not Found
144 - No status found with that ID.","404 Not Found
144 - No status found with that ID.","404 Not Found
144 - No status found with that ID."
18,"404 Not Found
144 - No status found with that ID.","403 Forbidden
179 - Sorry, you are not authorized to see this status.","404 Not Found
144 - No status found with that ID.","404 Not Found
144 - No status found with that ID.","404 Not Found
144 - No status found with that ID.","404 Not Found
144 - No status found with that ID.","404 Not Found
144 - No status found with that ID.","404 Not Found
144 - No status found with that ID.","404 Not Found
144 - No status found with that ID.","404 Not Found
144 - No status found with that ID.","404 Not Found
144 - No status found with that ID.","404 Not Found
144 - No status found with that ID.","404 Not Found
144 - No status found with that ID.","404 Not Found
144 - No status found with that ID.","404 Not Found
144 - No status found with that ID.","404 Not Found
144 - No status found with that ID.","404 Not Found
144 - No status found with that ID.","404 Not Found
144 - No status found with that ID.","404 Not Found
144 - No status found with that ID.","404 Not Found
144 - No status found with that ID.","404 Not Found
144 - No status found with that ID.","404 Not Found
144 - No status found with that ID.","404 Not Found
144 - No status found with that ID.","403 Forbidden
179 - Sorry, you are not authorized to see this status.","404 Not Found
144 - No status found with that ID.","404 Not Found
144 - No status found with that ID.","404 Not Found
144 - No status found with that ID.","404 Not Found
144 - No status found with that ID.","404 Not Found
144 - No status found with that ID.","404 Not Found
144 - No status found with that ID."
19,"404 Not Found
144 - No status found with that ID.","403 Forbidden
179 - Sorry, you are not authorized to see this status.","404 Not Found
144 - No status found with that ID.","404 Not Found
144 - No status found with that ID.","404 Not Found
144 - No status found with that ID.","404 Not Found
144 - No status found with that ID.","404 Not Found
144 - No status found with that ID.","404 Not Found
144 - No status found with that ID.","404 Not Found
144 - No status found with that ID.","404 Not Found
144 - No status found with that ID.","404 Not Found
144 - No status found with that ID.","404 Not Found
144 - No status found with that ID.","404 Not Found
144 - No status found with that ID.","404 Not Found
144 - No status found with that ID.","404 Not Found
144 - No status found with that ID.","404 Not Found
144 - No status found with that ID.","404 Not Found
144 - No status found with that ID.","404 Not Found
144 - No status found with that ID.","404 Not Found
144 - No status found with that ID.","404 Not Found
144 - No status found with that ID.","404 Not Found
144 - No status found with that ID.","404 Not Found
144 - No status found with that ID.","404 Not Found
144 - No status found with that ID.","403 Forbidden
179 - Sorry, you are not authorized to see this status.","404 Not Found
144 - No status found with that ID.","404 Not Found
144 - No status found with that ID.","404 Not Found
144 - No status found with that ID.","404 Not Found
144 - No status found with that ID.","404 Not Found
144 - No status found with that ID.","404 Not Found
144 - No status found with that ID."
20,"404 Not Found
144 - No status found with that ID.","403 Forbidden
179 - Sorry, you are not authorized to see this status.","404 Not Found
144 - No status found with that ID.","404 Not Found
144 - No status found with that ID.","404 Not Found
144 - No status found with that ID.","404 Not Found
144 - No status found with that ID.","404 Not Found
144 - No status found with that ID.","404 Not Found
144 - No status found with that ID.","404 Not Found
144 - No status found with that ID.","404 Not Found
144 - No status found with that ID.","404 Not Found
144 - No status found with that ID.","404 Not Found
144 - No status found with that ID.","404 Not Found
144 - No status found with that ID.","404 Not Found
144 - No status found with that ID.","404 Not Found
144 - No status found with that ID.","404 Not Found
144 - No status found with that ID.","404 Not Found
144 - No status found with that ID.","404 Not Found
144 - No status found with that ID.","404 Not Found
144 - No status found with that ID.","404 Not Found
144 - No status found with that ID.","404 Not Found
144 - No status found with that ID.","404 Not Found
144 - No status found with that ID.","404 Not Found
144 - No status found with that ID.","403 Forbidden
179 - Sorry, you are not authorized to see this status.","404 Not Found
144 - No status found with that ID.","404 Not Found
144 - No status found with that ID.","404 Not Found
144 - No status found with that ID.","404 Not Found
144 - No status found with that ID.","404 Not Found
144 - No status found with that ID.","404 Not Found
144 - No status found with that ID."
21,"404 Not Found
144 - No status found with that ID.","403 Forbidden
179 - Sorry, you are not authorized to see this status.","404 Not Found
144 - No status found with that ID.","404 Not Found
144 - No status found with that ID.","404 Not Found
144 - No status found with that ID.","404 Not Found
144 - No status found with that ID.","404 Not Found
144 - No status found with that ID.","404 Not Found
144 - No status found with that ID.","404 Not Found
144 - No status found with that ID.","404 Not Found
144 - No status found with that ID.","404 Not Found
144 - No status found with that ID.","404 Not Found
144 - No status found with that ID.","404 Not Found
144 - No status found with that ID.","404 Not Found
144 - No status found with that ID.","404 Not Found
144 - No status found with that ID.","404 Not Found
144 - No status found with that ID.","404 Not Found
144 - No status found with that ID.","404 Not Found
144 - No status found with that ID.","404 Not Found
144 - No status found with that ID.","404 Not Found
144 - No status found with that ID.","404 Not Found
144 - No status found with that ID.","404 Not Found
144 - No status found with that ID.","404 Not Found
144 - No status found with that ID.","403 Forbidden
179 - Sorry, you are not authorized to see this status.","404 Not Found
144 - No status found with that ID.","404 Not Found
144 - No status found with that ID.","404 Not Found
144 - No status found with that ID.","404 Not Found
144 - No status found with that ID.","404 Not Found
144 - No status found with that ID.","404 Not Found
144 - No status found with that ID."
22,"404 Not Found
144 - No status found with that ID.","403 Forbidden
179 - Sorry, you are not authorized to see this status.","404 Not Found
144 - No status found with that ID.","404 Not Found
144 - No status found with that ID.","404 Not Found
144 - No status found with that ID.","404 Not Found
144 - No status found with that ID.","404 Not Found
144 - No status found with that ID.","404 Not Found
144 - No status found with that ID.","404 Not Found
144 - No status found with that ID.","404 Not Found
144 - No status found with that ID.","404 Not Found
144 - No status found with that ID.","404 Not Found
144 - No status found with that ID.","404 Not Found
144 - No status found with that ID.","404 Not Found
144 - No status found with that ID.","404 Not Found
144 - No status found with that ID.","404 Not Found
144 - No status found with that ID.","404 Not Found
144 - No status found with that ID.","404 Not Found
144 - No status found with that ID.","404 Not Found
144 - No status found with that ID.","404 Not Found
144 - No status found with that ID.","404 Not Found
144 - No status found with that ID.","404 Not Found
144 - No status found with that ID.","404 Not Found
144 - No status found with that ID.","403 Forbidden
179 - Sorry, you are not authorized to see this status.","404 Not Found
144 - No status found with that ID.","404 Not Found
144 - No status found with that ID.","404 Not Found
144 - No status found with that ID.","404 Not Found
144 - No status found with that ID.","404 Not Found
144 - No status found with that ID.","404 Not Found
144 - No status found with that ID."
23,"404 Not Found
144 - No status found with that ID.","403 Forbidden
179 - Sorry, you are not authorized to see this status.","404 Not Found
144 - No status found with that ID.","404 Not Found
144 - No status found with that ID.","404 Not Found
144 - No status found with that ID.","404 Not Found
144 - No status found with that ID.","404 Not Found
144 - No status found with that ID.","404 Not Found
144 - No status found with that ID.","404 Not Found
144 - No status found with that ID.","404 Not Found
144 - No status found with that ID.","404 Not Found
144 - No status found with that ID.","404 Not Found
144 - No status found with that ID.","404 Not Found
144 - No status found with that ID.","404 Not Found
144 - No status found with that ID.","404 Not Found
144 - No status found with that ID.","404 Not Found
144 - No status found with that ID.","404 Not Found
144 - No status found with that ID.","404 Not Found
144 - No status found with that ID.","404 Not Found
144 - No status found with that ID.","404 Not Found
144 - No status found with that ID.","404 Not Found
144 - No status found with that ID.","404 Not Found
144 - No status found with that ID.","404 Not Found
144 - No status found with that ID.","403 Forbidden
179 - Sorry, you are not authorized to see this status.","404 Not Found
144 - No status found with that ID.","404 Not Found
144 - No status found with that ID.","404 Not Found
144 - No status found with that ID.","404 Not Found
144 - No status found with that ID.","404 Not Found
144 - No status found with that ID.","404 Not Found
144 - No status found with that ID."
24,"404 Not Found
144 - No status found with that ID.","403 Forbidden
179 - Sorry, you are not authorized to see this status.","404 Not Found
144 - No status found with that ID.","404 Not Found
144 - No status found with that ID.","404 Not Found
144 - No status found with that ID.","404 Not Found
144 - No status found with that ID.","404 Not Found
144 - No status found with that ID.","404 Not Found
144 - No status found with that ID.","404 Not Found
144 - No status found with that ID.","404 Not Found
144 - No status found with that ID.","404 Not Found
144 - No status found with that ID.","404 Not Found
144 - No status found with that ID.","404 Not Found
144 - No status found with that ID.","404 Not Found
144 - No status found with that ID.","404 Not Found
144 - No status found with that ID.","404 Not Found
144 - No status found with that ID.","404 Not Found
144 - No status found with that ID.","404 Not Found
144 - No status found with that ID.","404 Not Found
144 - No status found with that ID.","404 Not Found
144 - No status found with that ID.","404 Not Found
144 - No status found with that ID.","404 Not Found
144 - No status found with that ID.","404 Not Found
144 - No status found with that ID.","403 Forbidden
179 - Sorry, you are not authorized to see this status.","404 Not Found
144 - No status found with that ID.","404 Not Found
144 - No status found with that ID.","404 Not Found
144 - No status found with that ID.","404 Not Found
144 - No status found with that ID.","404 Not Found
144 - No status found with that ID.","404 Not Found
144 - No status found with that ID."
25,"404 Not Found
144 - No status found with that ID.","403 Forbidden
179 - Sorry, you are not authorized to see this status.","404 Not Found
144 - No status found with that ID.","404 Not Found
144 - No status found with that ID.","404 Not Found
144 - No status found with that ID.","404 Not Found
144 - No status found with that ID.","404 Not Found
144 - No status found with that ID.","404 Not Found
144 - No status found with that ID.","404 Not Found
144 - No status found with that ID.","404 Not Found
144 - No status found with that ID.","404 Not Found
144 - No status found with that ID.","404 Not Found
144 - No status found with that ID.","404 Not Found
144 - No status found with that ID.","404 Not Found
144 - No status found with that ID.","404 Not Found
144 - No status found with that ID.","404 Not Found
144 - No status found with that ID.","404 Not Found
144 - No status found with that ID.","404 Not Found
144 - No status found with that ID.","404 Not Found
144 - No status found with that ID.","404 Not Found
144 - No status found with that ID.","404 Not Found
144 - No status found with that ID.","404 Not Found
144 - No status found with that ID.","404 Not Found
144 - No status found with that ID.","403 Forbidden
179 - Sorry, you are not authorized to see this status.","404 Not Found
144 - No status found with that ID.","404 Not Found
144 - No status found with that ID.","404 Not Found
144 - No status found with that ID.","404 Not Found
144 - No status found with that ID.","404 Not Found
144 - No status found with that ID.","404 Not Found
144 - No status found with that ID."
26,"404 Not Found
144 - No status found with that ID.","403 Forbidden
179 - Sorry, you are not authorized to see this status.","404 Not Found
144 - No status found with that ID.","404 Not Found
144 - No status found with that ID.","404 Not Found
144 - No status found with that ID.","404 Not Found
144 - No status found with that ID.","404 Not Found
144 - No status found with that ID.","404 Not Found
144 - No status found with that ID.","404 Not Found
144 - No status found with that ID.","404 Not Found
144 - No status found with that ID.","404 Not Found
144 - No status found with that ID.","404 Not Found
144 - No status found with that ID.","404 Not Found
144 - No status found with that ID.","404 Not Found
144 - No status found with that ID.","404 Not Found
144 - No status found with that ID.","404 Not Found
144 - No status found with that ID.","404 Not Found
144 - No status found with that ID.","404 Not Found
144 - No status found with that ID.","404 Not Found
144 - No status found with that ID.","404 Not Found
144 - No status found with that ID.","404 Not Found
144 - No status found with that ID.","404 Not Found
144 - No status found with that ID.","404 Not Found
144 - No status found with that ID.","403 Forbidden
179 - Sorry, you are not authorized to see this status.","404 Not Found
144 - No status found with that ID.","404 Not Found
144 - No status found with that ID.","404 Not Found
144 - No status found with that ID.","404 Not Found
144 - No status found with that ID.","404 Not Found
144 - No status found with that ID.","404 Not Found
144 - No status found with that ID."
27,"404 Not Found
144 - No status found with that ID.","403 Forbidden
179 - Sorry, you are not authorized to see this status.","404 Not Found
144 - No status found with that ID.","404 Not Found
144 - No status found with that ID.","404 Not Found
144 - No status found with that ID.","404 Not Found
144 - No status found with that ID.","404 Not Found
144 - No status found with that ID.","404 Not Found
144 - No status found with that ID.","404 Not Found
144 - No status found with that ID.","404 Not Found
144 - No status found with that ID.","404 Not Found
144 - No status found with that ID.","404 Not Found
144 - No status found with that ID.","404 Not Found
144 - No status found with that ID.","404 Not Found
144 - No status found with that ID.","404 Not Found
144 - No status found with that ID.","404 Not Found
144 - No status found with that ID.","404 Not Found
144 - No status found with that ID.","404 Not Found
144 - No status found with that ID.","404 Not Found
144 - No status found with that ID.","404 Not Found
144 - No status found with that ID.","404 Not Found
144 - No status found with that ID.","404 Not Found
144 - No status found with that ID.","404 Not Found
144 - No status found with that ID.","403 Forbidden
179 - Sorry, you are not authorized to see this status.","404 Not Found
144 - No status found with that ID.","404 Not Found
144 - No status found with that ID.","404 Not Found
144 - No status found with that ID.","404 Not Found
144 - No status found with that ID.","404 Not Found
144 - No status found with that ID.","404 Not Found
144 - No status found with that ID."
28,"404 Not Found
144 - No status found with that ID.","403 Forbidden
179 - Sorry, you are not authorized to see this status.","404 Not Found
144 - No status found with that ID.","404 Not Found
144 - No status found with that ID.","404 Not Found
144 - No status found with that ID.","404 Not Found
144 - No status found with that ID.","404 Not Found
144 - No status found with that ID.","404 Not Found
144 - No status found with that ID.","404 Not Found
144 - No status found with that ID.","404 Not Found
144 - No status found with that ID.","404 Not Found
144 - No status found with that ID.","404 Not Found
144 - No status found with that ID.","404 Not Found
144 - No status found with that ID.","404 Not Found
144 - No status found with that ID.","404 Not Found
144 - No status found with that ID.","404 Not Found
144 - No status found with that ID.","404 Not Found
144 - No status found with that ID.","404 Not Found
144 - No status found with that ID.","404 Not Found
144 - No status found with that ID.","404 Not Found
144 - No status found with that ID.","404 Not Found
144 - No status found with that ID.","404 Not Found
144 - No status found with that ID.","404 Not Found
144 - No status found with that ID.","403 Forbidden
179 - Sorry, you are not authorized to see this status.","404 Not Found
144 - No status found with that ID.","404 Not Found
144 - No status found with that ID.","404 Not Found
144 - No status found with that ID.","404 Not Found
144 - No status found with that ID.","404 Not Found
144 - No status found with that ID.","404 Not Found
144 - No status found with that ID."
29,"404 Not Found
144 - No status found with that ID.","403 Forbidden
179 - Sorry, you are not authorized to see this status.","404 Not Found
144 - No status found with that ID.","404 Not Found
144 - No status found with that ID.","404 Not Found
144 - No status found with that ID.","404 Not Found
144 - No status found with that ID.","404 Not Found
144 - No status found with that ID.","404 Not Found
144 - No status found with that ID.","404 Not Found
144 - No status found with that ID.","404 Not Found
144 - No status found with that ID.","404 Not Found
144 - No status found with that ID.","404 Not Found
144 - No status found with that ID.","404 Not Found
144 - No status found with that ID.","404 Not Found
144 - No status found with that ID.","404 Not Found
144 - No status found with that ID.","404 Not Found
144 - No status found with that ID.","404 Not Found
144 - No status found with that ID.","404 Not Found
144 - No status found with that ID.","404 Not Found
144 - No status found with that ID.","404 Not Found
144 - No status found with that ID.","404 Not Found
144 - No status found with that ID.","404 Not Found
144 - No status found with that ID.","404 Not Found
144 - No status found with that ID.","403 Forbidden
179 - Sorry, you are not authorized to see this status.","404 Not Found
144 - No status found with that ID.","404 Not Found
144 - No status found with that ID.","404 Not Found
144 - No status found with that ID.","404 Not Found
144 - No status found with that ID.","404 Not Found
144 - No status found with that ID.","404 Not Found
144 - No status found with that ID."
